channel_id,playlist_id,video_id,published_at,title,description,thumbnail,view_count,like_count,favorite_count,comment_count,video_date,video_time
UC_tda7fOTwXY3g3eigrw3sQ,PLEeIGZuBXtstpI4hORi6_exCErOMyl-9_,f8qFXx_z8cQ,2015-04-14 08:00:00+00:00,å±±é™½ç·š115ç³»ç³¸å´è¡Œï¼ˆä¸‰åŸâ†’ç³¸å´ï¼‰è»Šçª“ã€å±±é™½æœ¬ç·šã§æœ€ã‚‚çŸ­ã„é‹ç”¨ã€‘,"å±±é™½æœ¬ç·š115ç³»ã®ä¸‰åŸ-ç³¸å´é–“ãŸã£ãŸ1é§…ã®å…¨åŒºé–“è»Šçª“ã§ã™ã€‚å±±é™½æœ¬ç·šã¯ç³¸å´-ä¸‹é–¢ãªã©é•·ã„é‹ç”¨ã®åˆ—è»ŠãŒå¤šã„ã®ã§ã™ãŒã€ç³¸å´é§…è»Šåº«å…¥ã‚Œã‚’ç›®çš„ã¨ã—ãŸã“ã®é‹ç”¨ã¯ãŸã£ãŸ1é§…ã§çµ‚ç‚¹ã®ç³¸å´ã«åˆ°ç€ã—ã¾ã™ã€‚å¤œé–“ã®å±±é™½ç·šã®è»Šçª“ã‚’ãŠæ¥½ã—ã¿ãã ã•ã„ã€‚
çµ‚ç‚¹ç³¸å´ã§ã¯ã€ä¸‰çŸ³è¡Œã«æ¥ç¶šã—ã¦ã„ã¾ã™ã€‚ä»Šã§ã¯115ç³»ã®2ãƒ‰ã‚¢è»Šã¯ä¸‰åŸåœ°åŒºã§ã¯è¦‹ã‚‰ã‚Œãªããªã‚Šã¾ã—ãŸã€‚
ã€åéŒ²å†…å®¹ã€‘
â–¼ä¸‹ã®æ™‚é–“ã‚’ã‚¯ãƒªãƒƒã‚¯ã™ã‚‹ã¨ãŠå¥½ã¿ã®å ´æ‰€ã¸ç§»å‹•ã—ã¾ã™ã€‚
ä¸‰åŸç™º(1:34)â†’ç³¸å´ç€(5:49)
This is the Sanyo Line train for Itozaki.
æ’®å½±ï¼šPhos movie / ç·¨é›†ï¼šgakuo1225",https://i.ytimg.com/vi/f8qFXx_z8cQ/default.jpg,703.0,6.0,0,8.0,2015-04-14,08:00:00
UCstqy_7rqe5sge6R7GGYVNw,PL1X1dz4avTd91ssrIRSb0hDn8PimFZinM,RzUEf1AKdPk,2021-05-13 16:00:15+00:00,"Behind The Counter US 2021: Music Millennium Portland, Oregon (Episode 3 of 12)","This weekâ€™s episode features Music Millennium based in Portland, Oregon.

â€œMusic Millennium has always been a community centre, if you go back in to the 50s and 60s, it was a place where, especially younger people, would gather. They could find out about new music, but they could also find out about all the cultural things that were going on at the time. Even political things were talked about in record stores.â€ Terry Currier

Behind The Counter is a 12 part video series that tells the stories behind the wonderful world of independent record stores. 

Presented by Classic Album Sundays and Record Store Day in partnership with Bowers & Wilkins.

A new episode will drop every Thursday in the run up to #RSD21â€‹ which will share the unique stories from around the US. Get to know your local shops! 

#BehindTheCounterâ€‹ #ClassicAlbumSundaysâ€‹ #RSD21â€‹ #RSDDropsâ€‹ #BowersWilkins",https://i.ytimg.com/vi/RzUEf1AKdPk/default.jpg,1603.0,71.0,0,6.0,2021-05-13,16:00:15
UCuw0GgMlZlAsWvpI8PgCN8g,PLHSL33o2NTsBHtPka4HUVp4gzXeS9Dhh_,I5qamYpmODA,2021-01-24 14:00:12+00:00,Freedom of Choice: How the Government Controls What You Consume | Lobby | ENDEVR Documentary,"Freedom of Choice: How the Government Controls What You Consume | Lobby Industry | Business Documentary from 2014

Life is about choice. What we eat, what we read, who we elect; every day we make choices that determine how we want to live.
But what if these choices are just an illusion?
In an era where regulations and red tape rule every industry, where lobby groups and big businesses wield more influence than ever before, our daily choices have become increasingly limited. And with all our options so deliberately handpicked, are we really making a choice at all?
Freedom From Choice examines the current state of life and personal choice today. Experts from many different fields offer a frank and startling look at the hidden limitations in our daily lives. Focusing on key areas such as food, medicine, finance, and media, Freedom From Choice provides viewers with a glimpse at the myriad of ways their lives are being dictated and tells us who stands to gain.

THE VIDEO HAS NO AUDIO BETWEEN: 
00:42:38 - 00:44:30
â–¬â–¬â–¬â–¬â–¬â–¬â–¬â–¬â–¬
Subscribe ENDEVR for free: https://bit.ly/3e9YRRG
Join the club and become a Patron: https://www.patreon.com/freedocumentary
Facebook: https://bit.ly/2QfRxbG
Twitter: https://bit.ly/2QlwRiI
â–¬â–¬â–¬â–¬â–¬â–¬â–¬â–¬â–¬
#FreeDocumentary #ENDEVR #FreedomFromChoice
â–¬â–¬â–¬â–¬â–¬â–¬â–¬â–¬â–¬
ENDEVR explains the world we live in through high-class documentaries, special investigations, explainer videos and animations. We cover topics related to business, economics, geopolitics, social issues and everything in between that we think itâ€™s interesting.",https://i.ytimg.com/vi/I5qamYpmODA/default.jpg,698619.0,13261.0,0,1664.0,2021-01-24,14:00:12
UCHqC-yWZ1kri4YzwRSt6RGQ,PLuXXbBFpPc0lb4_FdI1NOPTCAYroXOywl,Jr8li6hpC2s,2017-07-26 19:16:46+00:00,President Trump Donating his Salary this Quarter to Department of Education 7/26/17,"At the White House Press Briefing, Sarah Sanders announced that President Trump is Donating his Salary this Quarter to Department of Education",https://i.ytimg.com/vi/Jr8li6hpC2s/default.jpg,4063.0,239.0,0,26.0,2017-07-26,19:16:46
UCwOzr0x28F-L1u6CHQ7CNUA,PLL6CCZT-qfDqOyRwLzkyQWnudAF0vBook,-yp-dPVFpU4,2022-02-19 10:54:26+00:00,NEW 2022 Mercedes CLA 45 S AMG 1 OF 1 | 300.000$ CARCRAFT Full Review Akrapovic Sound Interior,"Welcome to my Channel, MercBenzKing! Follow/Share/Like
For more https://www.instagram.com/mercbenzking/

Thanks to: https://www.carcraft.ch/
Instagram: https://www.instagram.com/carcraft.ch/

In todayâ€™s MercBenzKing's episode, we present to you the all-new CARCRAFT Mercedes CLA 45 S with 4 MATIC +. The all new Mercedes Benz CLA 45 S Edition AMG is a sportive coupe with 421 HP. Bespoke special Carcraft edition where litterly every design has been changed. Hope you enjoy the video!

- Let me know if you have some suggestions for new cars!

Facebook: https://www.facebook.com/Mercbenzking-240611152939783/
Youtube: Betim Lushtaku https://www.youtube.com/mercbenzking1
Twitter:  https://twitter.com/MercBenzKing

Prior to all new technology in the new 2021 S Class. Different types of models: All new S class S400d S400 S500 S65 AMG S560 MAYBACH 

Options
Mercedes vlog. Interior and exterior design, COMAND Online, Drive Pilot, DYNAMIC BODY CONTROL, active and passive safety features including emergency braking and steering assist, Pre-SAFE Impulse and the possibilities of the new Multimode Radar sensors, MULTIBEAM LED and a lot more.

I drive a GLE and GLC with amg package. Premium package. GLE 400d. City of Zurich. Point of view POV driving Mercedes AMG package.

Coming up: 2021 C Class GT73 S63 ,  New Road trips and holiday specials

Current camera: SONY HDR
Mercedes models (Mercedes A, B, C, E, ML, M, GLE, GLC, GLA, CLS, CLA, CLC, GLS, S and so on)

Update: Have a look at the GLS 63 AMG of MercBenzKing. Also check out the E63 E Class video.

Check out the new Mercedes C class 2021
C180 C200 C250 C300 C350e C400 C450 C63 C63S

Options on my Mercedes:
- Command Online Navigation System
- AMG line exterior and interior
- Distronic Plus with Active Lane Keeping Assist and Steering Assist
- Panoramic Sunroof
- Ambient Lighting interior
- Ventilated and heated seats
- LED intelligent light sytem
- AIRMATIC Suspension 
- Park assist PARKTRONIC
- Head up display
- Keyless - Go Comfort
- Burmester Surround Sound System
- Memory seats
- Thermotronic airco
- Airbalance Parfume",https://i.ytimg.com/vi/-yp-dPVFpU4/default.jpg,70628.0,1790.0,0,115.0,2022-02-19,10:54:26
UCBefBxNTPoNCQBU_Lta6Nvg,PLrxcNWZXdQ2kcxA_mGHIDC4oXs1HU8Jgo,l-hifFx71sY,2022-12-21 17:00:09+00:00,NEFFEX - This Is Not A Christmas Song (with Ryan Oakes) ğŸ„ğŸ”¥ [Copyright Free] No.185,"Listen to This Is Not A Christmas Song on any platform HERE: https://ffm.to/neffextinacs

GET TICKETS TO MY FALL 2023 WORLD TOUR ğŸ¤˜ğŸ”¥: https://www.neffexmusic.com/tour

CREATORS - DOWNLOAD & USE THIS SONG COPYRIGHT-FREE: https://bit.ly/3G4MqFR

Join the NEFFEX Discord Server HERE -  https://discord.gg/neffex

STREAM ALL 150+ of my songs on ANY platform here - https://ffm.bio/neffexmusic

Join NEFFEX Nation to get new music and everything else first ğŸ¤˜- https://laylo.com/neffex/nation

âœ¦âœ¦âœ¦âœ¦âœ¦ NEFFEX âœ¦âœ¦âœ¦âœ¦âœ¦
Spotify: https://fanlink.to/neffex_spotify
SoundCloud: https://fanlink.to/neffex_sc
Facebook: https://fanlink.to/neffex_fb
Instagram: https://fanlink.to/neffex_ig
Twitter: https://fanlink.to/neffex_twt
YouTube: https://fanlink.to/neffex_yt
TikTok: https://fanlink.to/neffex_tt

âœ¦âœ¦âœ¦âœ¦âœ¦ Ryan Oakes âœ¦âœ¦âœ¦âœ¦âœ¦
Spotify: https://bit.ly/RyanOakesSpotify
Apple Music: https://bit.ly/RyanOakesAppleMusic
Tik Tok: https://www.tiktok.com/@ryanoakesmusic
Instagram: https://www.instagram.com/RyanOakesMusic
Twitter: https://twitter.com/imryanoakes
Snapchat: NotRyanOakes
Facebook: https://www.facebook.com/RyanOakesMusic

#NEFFEX #CopyrightFree #NoCopyright

LYRICS:

This is not a Christmas
This is not a Christmas song (2x)

The Christmas treeâ€™s on fire
Santaâ€™s holding the lighter
My parents are both liars
I got gifts but want subscribers
Thanks for the candy basket
Oh god another jacket
My stockingâ€™s filled with acid
Am I dreaming? What just happened?!

This is not a Christmas
This is not a Christmas song (4x)

My neighbors compete to see who can put up more blinding lights
The kids all wish away the month cuz they want presents in sight
This year had
Me so mad
Iâ€™ve been bad
Got coal that 
Is sitting under my tree I think that my Christmas has died

This is not a Christmas
This is not a Christmas song (4x)

(Ryan Oakes Verse)
I guess everyday is Christmas when you this gifted 
Accidentally went and manifested my whole wishlist 
And now to celebrate Iâ€™m getting twisted like the grinch is
Making it rain, dear (reindeer) lord, look how dripped the wrist is
Hey wait, I noticed you out there in cold 
They say, that she bad she gettin nothing but coal 
Three strikes, Iâ€™m out I shouldâ€™ve probably bowled 
I guess itâ€™s just another holiday Iâ€™m spending alone 

When I was just a boy
Christmas brought so much joy
Couldnâ€™t wait for the presents and laughter
I couldnâ€™t sleep late at night
Lookin for Santa with lights
Those are memories I still remember 
Then I became a man
Lost sight of who I am 
But right in front of me was the answer
Cuz on Christmas I feel joy
And I turn back to a boy
The answer is to stay young forever 

This is not a Christmas
This is not a Christmas song (4x)

I make workout music, gym music, gaming music, vlogging music (vlog music), inspirational music, inspirational songs, motivational music, motivational songs, party music, party songs, Fortnite songs, Roblox music, Apex music, PUBG music, Valorant music, Call of Duty (COD) music, and non copyrighted music for YouTube content creators

*This song was written, produced, engineered, and recorded by NEFFEX",https://i.ytimg.com/vi/l-hifFx71sY/default.jpg,394060.0,19303.0,0,1143.0,2022-12-21,17:00:09
UC7mFkx1Um4KJZKkUHsSV1uA,PL7pGJQV-jlzD17YNNbt103xp0PkkUCoPU,FH_AVmxkAk8,2015-09-18 14:49:17+00:00,The Storyteller: FALLOUT S3 E17 - Killed My Pa,"Something to do while we wait for Fallout 4 (episodes every Friday)
Unlock more @ http://www.patreon.com/ShoddyCast
Facebook | http://Facebook.com/ShoddyCast
Twitter | http://twitter.com/ShoddyCast
Playlist | https://www.youtube.com/playlist?list=PL7pGJQV-jlzD17YNNbt103xp0PkkUCoPU

The Fallout universe shows us a post-apocalyptic America where the ""end of the world"" is just another bloody chapter of human history. Join our mysterious Storyteller as he takes us on a journey of outlandish discovery and brutal survival.

Join our network | http://www.unionforgamers.com/apply?referral=3kbo5lmvtmnbqa

Meet the team | http://www.shoddycast.com/about-us/staff/

~ This episode used these outstanding mods ~

XRE - CARS
http://www.nexusmods.com/newvegas/mods/49042/
 
Wasteland Clothing Hires Retexture
http://www.nexusmods.com/newvegas/mods/54478/?

Dry Canyon:
http://www.nexusmods.com/newvegas/mods/50493/?

Improved Heavy Weapons Textures:
www.nexusmods.com/newvegas/mods/56314/?
 
Interior Lighting Overhaul:
http://www.nexusmods.com/newvegas/mods/35794/?

MGs Neat Clutter Retextures:
http://www.nexusmods.com/newvegas/mods/42551/?

Enclave Commander NV Edition:
http://www.nexusmods.com/newvegas/mods/44657/?
 
Rivens Chunky Duncan Race:
www.nexusmods.com/newvegas/mods/41510/?
 
Rivens Chunky Duncan Outfits:
www.nexusmods.com/newvegas/mods/41518/?

Classic Combat Shotgun:
www.nexusmods.com/newvegas/mods/55704/?
 
IHWT - Improved Heavy Weapons Textures:
www.nexusmods.com/newvegas/mods/56314/?
 
NCR Trooper Overhaul:
http://www.nexusmods.com/newvegas/mods/52721/?
 
Fallout - Project Brazil:
http://www.nexusmods.com/newvegas/mods/45138/?
 
DYNAVISION 3 - Total Visual Enhancement
http://www.nexusmods.com/newvegas/mods/51577/?
 
T45d Power Armor Replacement:
http://www.nexusmods.com/newvegas/mods/47488/?

Tale of Two Wastelands:
http://taleoftwowastelands.com/
 
Nevada Skies - Weather Effects:
http://www.nexusmods.com/newvegas/mods/35998/?
 
Classic Wattz 2000 Laser Rifle:
http://www.nexusmods.com/newvegas/mods/36492/?

Fallout Character Overhaul:
http://www.nexusmods.com/newvegas/mods/54460/?

NMCs Texture Pack:
http://www.nexusmods.com/newvegas/mods/43135/?

Vault 13 Jumpsuit:
http://www.nexusmods.com/newvegas/mods/40004/?

Sandcrete Architecture - a resource for modders:
www.nexusmods.com/newvegas/mods/48139/?

CR-HD Combat Ranger Armor Retexture:
www.nexusmods.com/newvegas/mods/40691/?

Ranger Sequoia retexture:
www.nexusmods.com/newvegas/mods/41749/?",https://i.ytimg.com/vi/FH_AVmxkAk8/default.jpg,720471.0,13858.0,0,704.0,2015-09-18,14:49:17
UC8ny82AwOJl_HpDkLpSGuow,PLL6CCZT-qfDrLF1-VH0YpUy41EEZB9UPx,up54rlmwVBs,2022-02-21 11:00:35+00:00,10 New Adventure & Touring Motorcycles For 2022,"For business inquiries: motortvbussines@gmail.com 10 New Adventure & Touring Motorcycles For 2022
New and updated Adventure Touring Motorcycles. all this Bikes are 2022 Model Enjoy. Were shown from Eicma and Motor Bike Expo 2022


00:00 2022 Honda CB500X ABS MSRP Price â‚¬7,240 EURO
Engine Type Liquid-cooled, parallel twin 8 valves. 
Displacement 471cc. 
Bore x Stroke 67mm x 66.8mm. 
Compression Ratio 10.7: 1. 
Power 48 hp 35kW @ 8,600rpm. 
Torque 43Nm 6,500rpm. 
Gearbox 6-speed. 
Weight 199kg. 
Tank capacity 17,5 L

1:13 2022 BMW F750GS MSRP Price $11,255 USD
Engine Type Water-cooled 4-stroke in-line two-cylinder engine, four valves per cylinder. 
Displacement 853 cc. 
Bore x stroke 84 mm x 77 mm. 
Compression Ratio 12.7 : 1. 
Power 77 hp at 7,500 rpm. 
Torque 61 lb-ft at 6,000 rpm. 
Gearbox 6-speed. 
Weight 227kg. 
Tank capacity 15 L

2:12 2022 Kawasaki Versys 650 MSRP Price $8,899 USD
Engine Type Liquid-cooled, 4-stroke Parallel Twin, DOHC, 8 valves. Displacement 649 cc. 
Compression Ratio 10.8:1. 
Power 67 hp 49 kW. 
Torque 61 Nm {6.2 kgfâ€¢m}. 
Gearbox 6-speed. 
Weight 219kg. 
Tank capacity 21 L

3:29 2022 Yamaha Tenere 700
Engine Type EURO 5, 4-stroke, 2-Cylinder, Liquid-cooled, DOHC. Displacement 689 cc. 
Bore x Stroke 80,0 x 68,6 mm. 
Compression ratio 11,5 : 1. 
Power 54 kW @ 9,000 rpm. 
Torque 68 Nm @ 6,500 rpm. 
Gearbox 6 speed. 
Weight 204 kg. 
Tank capacity 16 L

4:34 2020 Royal Enfield Himalayan MSRP Price â‚¬5,200 EURO
Engine Type Single Cylinder 4 stroke, SOHC Air Cooled. 
Displacement 411 cc. 
Bore x Stroke 75 mm x 55 mm. 
Compression ratio 95 l. 
Power 24.3 bhp (17.88kW) @ 6,500 rpm. 
Torque 23.6 ft/lbs @ 4000-4500 rpm. 
Gearbox 5 speed. 
Weight 43 lbs. 
Tank capacity 4 gal

5:08 2022 Benelli TRK 502
Engine Type In line 2 cylinders, 4-stroke, liquid cooled , 4 valves for cylinder double overhead camshaft. 
Displacement 499.6cc.
Bore x Stroke 69 x 66.8mm. 
Compression Ratio 11.5:1. 
Power 35 kW (47,6 HP) @ 8500 rpm. 
Torque 45 Nm (4,6 kgm) @ 5000 rpm. 
Gearbox 6-speed.
Weight 235kg. 
Tank capacity 20 L

6:27 2022 Zontes 350 T2
Displacement 347.7cc. 
Power 29 kW at 9500 rpm. 
Torque 32.8 Nm at 7500 rpm. 

7:36 2022 CF Moto 800 MT Touring MSRP Price $14,490 USD
Engine Type Liquid-cooled, 4-stroke DOHC parallel twin. 
Displacement 799cc. 
Bore x stroke 88mm x 65.7mm. 
Compression ratio 12.7 : 1. 
Power 95 hp (70 kW) @ 9,000rpm. 
Torque 77 Nm @ 7,500rpm. 
Gearbox 6-speed. 
Weight 225kg. 
Tank Capacity 19 L

8:50 2022 QJ MOTOR SRT 550
Engine Type 2-Cylinder inline, 8 V DOHC, liquid cooled. 
Displacement 549 cc. 
Power 37.5 kW at 7500 rpm. 
Torque 51 Nm at 5500 rpm.
Gearbox 6-speed. 
Weight 225 Kg. 

10:13 2022 KL Raticosa 500
Engine Type Twin cylinder, 4 stroke, DOHC, 8 valves, liquid cooled. Displacement 471 cc. 
Power 35 kW at 8500 rpm. 
Torque 43,0 Nm at 7500 rpm. 
Gearbox 6-speed. 
Weight 178 Kg. 
Tank Capacity 20 L",https://i.ytimg.com/vi/up54rlmwVBs/default.jpg,60571.0,556.0,0,14.0,2022-02-21,11:00:35
UCFQdwnVf66D3Abx6DxXN8UA,FLsZG8vk_TB-vXK27hSpZnsQ,eQ4O9gyEJ98,2012-07-08 12:18:10+00:00,Djani - Boli me sto me ne volis - (Audio 2000),"ï¸ï¸ğŸ‘‰ UkljuÄi ğŸ”” da dobijaÅ¡ obaveÅ¡tenja za sve nove pesme! 
Facebook: https://www.facebook.com/GrandProduction

Djani - Boli me sto me ne volis - (Audio 2000)
ZvaniÄni Portal Grand Production-a: http://grand.online/
ğŸµMuzika: Steva SimeunoviÄ‡
ğŸµTekst: Steva SimeunoviÄ‡
ğŸµAranÅ¾man: Slavko StefanoviÄ‡ Slavkoni

ZvaniÄni Portal Grand Production-a: http://grand.online/
Facebook: https://www.facebook.com/GrandProduction
Label & Copyright: Grand Production
Zabranjeno svako kopiranje video i/ili audio snimaka i
postavljanje na druge kanale!

https://youtu.be/eQ4O9gyEJ98
https://www.youtube.com/@GrandProductionOfficial

#Djani 
#BoliMeStoMeNeVolis 
#GrandProduction",https://i.ytimg.com/vi/eQ4O9gyEJ98/default.jpg,6424782.0,24068.0,0,525.0,2012-07-08,12:18:10
UCnM_Dh_3p-m3M-1tF0E9Cjw,PLL6CCZT-qfDoIbgi4qZqNcrQkFG7wDWWx,Fqym-AW8S5E,2022-05-30 12:29:25+00:00,"MEHABOOBA (From KGF Chapter 2) - RockingStar Yash, Prashanth Neel, Ravi Basrur, Ananya Bhat [Cover]","â™¡ Like & Subscribe to my channel â¡ï¸ http://bit.ly/1Ro50Gn
â¤ï¸ Donâ€™t forget to follow me on instagram! http://www.instagram.com/emmaheesters ğŸ¥°ğŸ¶ğŸ’•

SAY HI TO ME ON:
Instagram: http://bit.ly/28VBtKQ
Facebook: http://bit.ly/1Ps3bgA
Spotify: http://bit.ly/1QrVOnQ

âš¡ï¸ Find my other covers here: https://bit.ly/2DVvt20 âš¡ï¸

ğŸ“¹ Filmed by Mike Attinger: http://www.mikeattinger.nl

Lyrics: 

As long as there is a land and sky
My wish is that youâ€™ll only be mine
Baby listen carefully
Iâ€™ll hold you close till I die

I will embrace you oh so deeply
Like the clouds always do with the sun
We belong together, you belong to me
Like the moon and the stars you see

Mehabooba 
Main Teri Mehhebooba
Mehabooba 
Main Teri Mehhebooba
Mehabooba
Oh Main Teri Mehhebooba

New beginnings they start now itâ€™s a journey
A new life is awaiting us 
There where sunsets turn into.. lovely moonlit nights
Letâ€™s go to a world that is so far away from this place
someWhere the sun shines on the sand
And where we can sleep.. deep at night
And somewhere we can lose track of the time

Main Gudiya Ba nJaungi
Mere Saath Tu Khelte Rehna
Kabhi Baahon Mein Jhula Jhulana
Kabhi Dil Se Laga Lena

Mehabooba 
Main Teri Mehhebooba
Mehabooba 
Main Teri Mehhebooba
Mehabooba
Oh Main Teri Mehhebooba

Mmmmm 

ğŸ’•

 â™¡ DONATE TO CHARITY BELOW â™¡

-----Make A Wish-----
https://www.worldwish.org/en/donate

-----Free A Girl----
https://www.freeagirl.com/donate/

-----Cancer Research Institute-----
https://www.cancerresearch.org/join-the-cause/donate/one-time-donation",https://i.ytimg.com/vi/Fqym-AW8S5E/default.jpg,7105357.0,412004.0,0,11287.0,2022-05-30,12:29:25
UCNAHgqpOLF1hBJaDFwVGggg,PLkIV2DY_ZM2fab15duysCy08awt56cx1x,YqATQ-K1wJs,2017-04-14 21:56:26+00:00,ã€å±±æœ¬å¤ªéƒäº‹å‹™æ‰€ç·¨é›†ã€‘2017.4.13å†…é–£å§”å“¡ä¼šã€Œå¤–å›½äººå¥´éš· åŠ´åƒè€…æ  æ‹¡å¤§ã®ãŠçŸ¥ã‚‰ã›ã€,"å‚è­°é™¢è­°å“¡å±±æœ¬å¤ªéƒ å…¬å¼Web http://taro-yamamoto.jp/
å±±æœ¬å¤ªéƒã¨ãªã‹ã¾ãŸã¡ Web  http://yamamototaro.org/
å±±æœ¬å¤ªéƒãƒ„ã‚¤ãƒƒã‚¿ãƒ¼ https://twitter.com/yamamototaro0
å¤ªéƒåºƒå ±ãƒ„ã‚¤ãƒƒã‚¿ãƒ¼ https://twitter.com/taro_koho
å±±æœ¬å¤ªéƒäº‹å‹™æ‰€ Facebook 
 https://www.facebook.com/imahahitori?fref=ts",https://i.ytimg.com/vi/YqATQ-K1wJs/default.jpg,7929.0,155.0,0,7.0,2017-04-14,21:56:26
UC33vX-Iwqs-ZH73v1j3wGgA,PLy9U1tvtcAmjGvOt2knxc2XG-Y5Jli4_z,KG9htI6yzSs,2008-07-07 06:13:06+00:00,The Delta Rhythm Boys - Take The 'A' Train,Vintage video clip,https://i.ytimg.com/vi/KG9htI6yzSs/default.jpg,306771.0,4321.0,0,312.0,2008-07-07,06:13:06
UCBPewBTP3u9Y9TcyjOkDgtQ,PLzWfZcUCF2DphKwNMizZRBzjtcOilto7e,otCpCn0l4Wo,2009-02-24 23:55:46+00:00,M.C. Hammer - U Can't Touch This,"REMASTERED IN HD!
Official Music Video for U Can't Touch This performed by MC Hammer.


Follow MC Hammer
Instagram: https://www.instagram.com/mchammer
Twitter: https://twitter.com/MCHammer
Facebook: https://www.facebook.com/mchammer


#MCHammer #CantTouchThis #Remastered #HammerTime",https://i.ytimg.com/vi/otCpCn0l4Wo/default.jpg,788895248.0,4200848.0,0,144613.0,2009-02-24,23:55:46
UCewhc0fvja891XkpIPGRMxQ,PLULTGfqfOGyCckXBbGYPQT9UMYMb3ri86,pMEkhbshYqY,2022-10-11 07:05:00+00:00,"Ukraine : ""C'est une escalade"", pas ""un changement profond de nature de cette guerre""","Ukraine : ""C'est une escalade"", pas ""un changement profond de nature de cette guerre"", assure le gÃ©nÃ©ral Dominique Trinquand, invitÃ© d'Adrien Gindre.",https://i.ytimg.com/vi/pMEkhbshYqY/default.jpg,249936.0,1645.0,0,1468.0,2022-10-11,07:05:00
UCw1PAKzcFa2OiVp94Ld7M-Q,PLohZCoAwfBsRw3xeKmCz0zRT6bBMLLHcE,6bSYJ1dxndo,2015-09-09 00:58:43+00:00,Persian Accent : School,This video shows you how to pronounce the word School with a Persian accent. Like on Facebook for daily videos https://www.facebook.com/accentcards,https://i.ytimg.com/vi/6bSYJ1dxndo/default.jpg,49053.0,64.0,0,6.0,2015-09-09,00:58:43
UCPPPrnT5080hPMxK1N4QSjA,PLDhQqDlqlkisDXHPoBvmOAaYqaOeBul_e,BTRzZ_RD8rQ,2021-11-07 15:00:10+00:00,DO OR DIE - FULL ACTION MOVIE IN ENGLISH - PAT MORITA & DONA SPEIR - ANDY SIDARIS COLLECTION,"DO OR DIE - FULL ACTION MOVIE IN ENGLISH - PAT MORITA & DONA SPEIR - ANDY SIDARIS COLLECTION

Two federal agents fight off a relentless chain of assassins sent out to kill them while they try to keep the U.S. stock market from a massive crash.

Welcome to V Movies. The fastest growing YouTube Channel for full length movies!  We post every day new and exciting movies! Action, Thrillers, Horror, Sci-Fi! And so much more! Just click SUBSCRIBE and hit the Bell Button! We post EVERY DAY!

All movies on our channel have been legally licensed to V Movies from distributors, filmmaker and content owners. If you have any copyright concerns please write us at info@vchannelsmedia.com !

V Movies is Part of the V Channels Media Group!

Are you a filmmaker and want your movie to be featured on V Movies and earn movie too? Drop us an email distribution@vchannelsmedia.com today!

V Movies is Part of Greater Fool Network 
https://www.creators.greaterfool.tv",https://i.ytimg.com/vi/BTRzZ_RD8rQ/default.jpg,1361082.0,4835.0,0,85.0,2021-11-07,15:00:10
UCq19-LqvG35A-30oyAiPiqA,PLB421PrEvPHoe7enGXk3dh_4A4yGXEl_-,Z49AnoS7C9Q,2020-05-14 13:00:10+00:00,Radiohead - Live at Summer Sonic (August 2016),"Recorded at Summer Sonic, Chiba, Japan on the 21st of August 2016

Setlist
00:00:26 Burn the Witch
00:04:31 Daydreaming
00:10:34 Decks Dark
00:15:47 Desert Island Disk
00:20:37 Ful Stop
00:27:03 2 + 2 = 5
00:30:26 Airbag
00:35:37 Reckoner
00:41:23 No Surprises
00:45:40 Bloom
00:52:10 Identikit
00:57:05 The Numbers
01:02:38 The Gloaming
01:06:36 The National Anthem
01:12:12 Lotus Flower
01:17:19 Everything in Its Right Place
01:21:41 Idioteque

01:29:20 Let Down
01:34:39 Present Tense
01:40:17 Nude
01:44:56 Creep
01:49:35 Bodysnatchers
01:54:16 Street Spirit (Fade Out)

Special thanks to: SUMMER SONIC, Creativeman Productions and WOWOW TV

Follow Radiohead
Facebook â€“ https://facebook.com/radiohead
Instagram â€“ https://www.instagram.com/radiohead
Twitter â€“ https://twitter.com/radiohead

Website â€“ https://www.radiohead.com
W.A.S.T.E. - https://www.wasteheadquarters.com",https://i.ytimg.com/vi/Z49AnoS7C9Q/default.jpg,644104.0,15368.0,0,813.0,2020-05-14,13:00:10
UCiinSjWS3E0vtAa3DCvp7iA,PLwZtBKjGSMzU9pHkutdCMZwZhEhyk_ol6,AL5Zqt5kdSg,2022-06-17 15:25:08+00:00,U.S. Hypocrisy on Press Freedom Is â€œAbsolutely Strikingâ€ Says Assangeâ€™s Brother,"In the wake of accelerated attempts by the UK government to extradite WikiLeaks Founder Julian Assange, Eugene Puryear talks with Gabriel Shipton, Assangeâ€™s brother, at the People's Summit for Democracy on June 10, 2022.

They discuss the torture Assange is going through in prison, the hypocrisy of the United States making statements on press freedom, and why he is being targeted.

#JulianAssange #FreeJulianAssange #Assange",https://i.ytimg.com/vi/AL5Zqt5kdSg/default.jpg,6519.0,653.0,0,94.0,2022-06-17,15:25:08
UC_6zPf4uuteHFFctnQtEaXQ,PLzWfZcUCF2DqttGA7bFUe5WSCyjwfu9vT,ZZdwDInkSOE,2014-11-21 07:08:33+00:00,Simply K-Pop - AOA(ì—ì´ì˜¤ì—ì´) _ Time,"AOA (Time)
The eight girls of AOA debuted in 2012. Theyâ€™ve come back after five months with a catlike transformation.
â€²Timeâ€² is AOAâ€™s first R&B ballad, complete with a sad piano line and the membersâ€™ tender voices.
In the song, a girl struggles to recover from her heartbreak,lamenting that she canâ€™t help but waste her time longing for love. 

AOA (Time)
2012ë…„ì— ë°ë·”í•œ 8ì¸ì¡° ê±¸ê·¸ë£¹ AOAê°€ ì•™í¼í•œ ìº£ìš°ë¨¼ìœ¼ë¡œ ë³€ì‹ í•´ 5ê°œì›” ë§Œì— ëŒì•„ì™”ë‹¤.
ìˆ˜ë¡ê³¡ [Time]ì€ AOAê°€ ì²˜ìŒìœ¼ë¡œ ì„ ë³´ì´ëŠ” R&B ë°œë¼ë“œ ì¥ë¥´ì˜ ê³¡ìœ¼ë¡œ, ìŠ¬í”ˆ í”¼ì•„ë…¸ ë¼ì¸ê³¼ AOA ë©¤ë²„ë“¤ì˜ í˜¸ì†Œë ¥ ì§™ì€ ë³´ì»¬ì´ ë‹ë³´ì´ëŠ” ê³¡ì´ë‹¤.
í—¤ì–´ì§„ ì—°ì¸ì„ ê·¸ë¦¬ì›Œí•˜ë©´ì„œ ìƒì²˜ë°›ì€ ì±„ í˜ë ¤ ë³´ë‚´ëŠ” ì‹œê°„ì„ ì•ˆíƒ€ê¹Œì›Œí•˜ëŠ” ì—¬ìì˜ ë§ˆìŒì„ í‘œí˜„í•œ ë‚´ìš©ì´ ë‹´ê²¨ìˆë‹¤.",https://i.ytimg.com/vi/ZZdwDInkSOE/default.jpg,177613.0,2258.0,0,97.0,2014-11-21,07:08:33
UC0VRUDaRcxk6aP1Sf1YMdCw,PL2CIsqWKcdGHt6uwb5vulKxKJDXctuD_7,SA_Nih8ubb8,2014-01-29 15:11:29+00:00,59 (1993) De wereld van Boudewijn BÃ¼ch - Tonga,"12 juni 1993 - Aflevering 14: Tonga
 
Verslag van een wereldreis van Boudewijn BÃ¼ch waarin hij zoekt naar sporen van het verleden en deze keer de eilandengroep Tonga in de Stille Oceaan bezoekt.
 
INTERVIEWS met:
Ami Lata, wetenschappelijk medewerkster koninklijk archief, over hoe men de koning dient aan te spreken
Speaker of the Legislative Assembly, die uitlegt hoe het politieke stelsel van Tonga werkt
Pesi Fonua, hoofdredacteur krant, die vijf jaar op een interview met de koning moest wachten, over het semi-feodale systeem van Tonga.
SHOTS:
muziekkorps (mannen in wikkelrokken gekleed) + militaire parade
ext. koninklijk paleis
Deense ambassadeur op bordes koninklijk paleis
busstation
twee vrouwen gekleed in jute zakken
militaire parade bij opening parlement
aankomst van koninklijke auto + saluerende koning Taufa'Ahua Tupou IV
vlag Tonga
luiaards in boom.
FOTO'S zwart/wit:  koning op de fiets; met kroon en kroningsmantel.",https://i.ytimg.com/vi/SA_Nih8ubb8/default.jpg,4133.0,23.0,0,6.0,2014-01-29,15:11:29
UCK1sVuXaDvJeNwl9noN5nOA,PLg2BLEVqgZxX8ESsLMO7RzgJKlBvaqGCK,bBYkbmo2pLg,2023-04-03 16:01:07+00:00,ëœ»ëŒ€ë¡œ ì•ˆë˜ì ê²°êµ­ ê³µê²©ì„±ì„ ë³´ì´ê³  ë§ˆëŠ” ì˜¤ëŠ˜ì˜ ê³ ë¯¼çŠ¬ ëª©í™”.. â€œë¬´ëŠ” ê°œì˜ˆìš”â€ [ê°œëŠ” í›Œë¥­í•˜ë‹¤/Dogs Are Incredible] | KBS 230403 ë°©ì†¡,"ëœ»ëŒ€ë¡œ ì•ˆë˜ì ê²°êµ­ ê³µê²©ì„±ì„ ë³´ì´ê³  ë§ˆëŠ” ì˜¤ëŠ˜ì˜ ê³ ë¯¼çŠ¬ ëª©í™”.. â€œë¬´ëŠ” ê°œì˜ˆìš”â€

#ê°œëŠ”í›Œë¥­í•˜ë‹¤ #ê°œí›Œë¥­ #ê°•í˜•ìš± #ì´ê²½ê·œ #í•œìŠ¹ì—° #ë°˜ë ¤ë™ë¬¼ #ë°˜ë ¤ê²¬ #ì• ì™„ê²¬ #DogsAreIncredible 

----------------------------------------------
        â–¶ Homepage : https://www.kbs.co.kr/
        â–¶ Wavve : https://www.wavve.com/
        â–¶ Youtube : https://www.youtube.com/KBSEntertain
----------------------------------------------",https://i.ytimg.com/vi/bBYkbmo2pLg/default.jpg,2318.0,8.0,0,2.0,2023-04-03,16:01:07
UCqWd3pkat2LzLh26HkHHetA,PLXEP8etEVdfrsgZoTPNpkZkYlKQwPaVG-,YsSOVDW9TpQ,2022-06-17 23:08:57+00:00,Cracker: Special Ep2 - Nine Eleven (A New Terror) / full episode,"MurderMysteries â€“ full episodes
https://www.youtube.com/channel/UCqWd3pkat2LzLh26HkHHetA

Cracker: Special Ep2 - Nine Eleven (A New Terror) / full episode

After 10 years in Australia, Fitz returns to Manchester for his daughter's wedding, but is soon involved in another murder investigation when an American comedian is killed, apparently without motive.

Cast: Robbie Coltrane, Barbara Flynn",https://i.ytimg.com/vi/YsSOVDW9TpQ/default.jpg,15598.0,258.0,0,30.0,2022-06-17,23:08:57
UC_LLMUs9A5nq7z0qWay5Aqw,PLzPG-zMKWiMYla0jXPQVgoJJ4btqoSHx6,7Adnms4ok4o,2011-03-28 21:20:36+00:00,Welcome To The 80Â´s -- House-Nation und Acid-Partys,"arte doku mit einem RÃ¼ckblick die Achtziger Teil 6/6
Die anderen Teile sind bei vimeo 
""In einer Kombination aus Zeitzeugeninterviews, bekannten und unbekannten FundstÃ¼cken aus den Archiven und intensiver Spurensuche vor Ort -- in der Bronx, in Sheffield oder in Berlin -- entfaltet die sechsteilige Dokumentationsreihe ein mitreiÃŸendes Panorama aus brodelndem Underground und unvergessenen Hits. ""Welcome to the Eighties"" rekonstruiert die damals vorherrschenden Ã¤sthetischen Welten und setzt da an, wo sie in Konflikt miteinander gerieten. Wie Punker gegen Hippies rebellierten, Synthie-Popper den Macho-Rock attackierten, sich im schwarzen Ghetto eine eigenstÃ¤ndige, schwarze Kultur gegen den weiÃŸen Mainstream auflehnte, eine neue Lust am Kommerz die linke Kulturkritik beerdigte, eine schrille Partykultur Kopflastigkeit und kritische Distanz besiegte und bleich geschminkte Gothic-Freaks dem solariumgebrÃ¤unten KÃ¶rperkult der 80er eine dÃ¼stere Welt aus Weltschmerz und Okkultismus entgegensetzten.""",https://i.ytimg.com/vi/7Adnms4ok4o/default.jpg,99366.0,473.0,0,56.0,2011-03-28,21:20:36
UCJbPGzawDH1njbqV-D5HqKw,PL6B08BAA57B5C7810,LrWCff-cj_E,2011-08-10 23:47:41+00:00,jQuery Tutorial - 44 - Live,"Source Code: https://github.com/thenewboston-developers
Core Deployment Guide (AWS): https://docs.google.com/document/d/16NDHWtmwmsnrACytRXp2T9Jg7R5FgzRmkYoDteFKxyc/edit?usp=sharing",https://i.ytimg.com/vi/LrWCff-cj_E/default.jpg,32181.0,137.0,0,13.0,2011-08-10,23:47:41
